주차장관리번호,주차장명,주차장구분,주차장유형,소재지도로명주소,소재지지번주소,주차구획수,급지구분,부제시행구분,운영요일,평일운영시작시각,평일운영종료시각,토요일운영시작시각,토요일운영종료시각,공휴일운영시작시각,공휴일운영종료시각,요금정보,주차기본시간,주차기본요금,추가단위시간,추가단위요금,1일주차권요금적용시간,1일주차권요금,월정기권요금,결제방법,특기사항,관리기관명,전화번호,위도,경도,데이터기준일자
406-2-000001,송악산,공영,노외,,제주특별자치도 서귀포시 대정읍 상모리 165,16,2,미시행,평일+토요일+공휴일,0:00,23:59,0:00,23:59,0:00,23:59,무료,0,0,,,,,,,,제주특별자치도 서귀포시청,064-760-3132,33.205956,,2021-04-18
406-2-000002,남원리 구 오일장마당,공영,노외,,제주특별자치도 서귀포시 남원읍 남원리 84-2,38,2,미시행,평일+토요일+공휴일,0:00,23:59,0:00,23:59,0:00,23:59,무료,0,0,,,,,,,,제주특별자치도 서귀포시청,064-760-2632,33.278819,126.721448,2021-04-18
406-2-000003,성산체육관,공영,노외,제주특별자치도 서귀포시 성산읍 일주동로 4024,제주특별자치도 서귀포시 성산읍 오조리 1365-1,93,2,미시행,평일+토요일+공휴일,0:00,23:59,0:00,23:59,0:00,23:59,무료,0,0,,,,,,,,제주특별자치도 서귀포시청,064-760-4293,33.4667584,126.9045603,2021-04-18
406-2-000004,군민체육관,공영,노외,제주특별자치도 서귀포시 남원읍 태위로 551-27,제주특별자치도 서귀포시 남원읍 남원리 2337-1,52,2,미시행,평일+토요일+공휴일,0:00,23:59,0:00,23:59,0:00,23:59,무료,0,0,,,,,,,,제주특별자치도 서귀포시청,064-760-4192,33.27740522,126.7033506,2021-04-18
406-2-000005,표선 시가지내,공영,노외,,제주특별자치도 서귀포시 표선면 표선리 634-28,19,2,미시행,평일+토요일+공휴일,0:00,23:59,0:00,23:59,0:00,23:59,무료,0,0,,,,,,,,제주특별자치도 서귀포시청,064-760-4482,33.324977,126.833806,2021-04-18
406-2-000006,성산일출봉 주차장,공영,노외,제주특별자치도 서귀포시 성산읍 일출로 284-6,제주특별자치도 서귀포시 성산읍 성산리 114-3,251,2,미시행,평일+토요일+공휴일,0:00,23:59,0:00,23:59,0:00,23:59,무료,0,0,,,,,,,,제주특별자치도 세계유산문화재부,064-710-7925,33.46260347,126.935333,2021-04-18
406-2-000007,산방산 주차장,공영,노외,,제주특별자치도 서귀포시 안덕면 사계리 166-4,31,2,미시행,평일+토요일+공휴일,0:00,23:59,0:00,23:59,0:00,23:59,무료,0,0,,,,,,,,제주특별자치도 서귀포시청,064-760-6321,33.236268,126.312628,2021-04-18
406-2-000008,삼성의원 앞,공영,노외,,제주특별자치도 서귀포시 대정읍 하모리 841-58,8,2,미시행,평일+토요일+공휴일,0:00,23:59,0:00,23:59,0:00,23:59,무료,0,0,,,,,,,,제주특별자치도 서귀포시청,064-760-3132,,126.253256,2021-04-18
406-2-000009,돔베낭골,공영,노외,제주특별자치도 서귀포시 태평로92번길 49,제주특별자치도 서귀포시 호근동 1619,58,1,미시행,평일+토요일+공휴일,0:00,23:59,0:00,23:59,0:00,23:59,무료,0,0,,,,,,,,제주특별자치도 서귀포시청,064-760-3132,33.24016844,126.531879,2021-04-18
406-2-000010,천지연주차장,공영,노외,,제주특별자치도 서귀포시 서홍동 684,190,1,미시행,평일+토요일+공휴일,0:00,23:59,0:00,23:59,0:00,23:59,무료,0,0,,,,,,,,제주특별자치도 서귀포시청,064-760-6302,,,2021-04-18
406-2-000011,문부공원,공영,노외,제주특별자치도 서귀포시 태평로537번길 40-9,제주특별자치도 서귀포시 동홍동 646-1,35,1,미시행,평일+토요일+공휴일,0:00,23:59,0:00,23:59,0:00,23:59,무료,0,0,,,,,,,,제주특별자치도 서귀포시청,064-760-3192,33.25398814,126.5706943,2021-04-18
406-2-000012,용머리 주차장 서측,공영,노외,제주특별자치도 서귀포시 안덕면 사계남로216번길 28,제주특별자치도 서귀포시 안덕면 사계리 118,58,2,미시행,평일+토요일+공휴일,0:00,23:59,0:00,23:59,0:00,23:59,무료,0,0,,,,,,,,제주특별자치도 서귀포시청,064-760-6321,33.23379281,126.3108416,2021-04-18
406-2-000013,월드컵경기장,공영,노외,제주특별자치도 서귀포시 월드컵로 31,제주특별자치도 서귀포시 법환동 914,723,1,미시행,평일+토요일+공휴일,0:00,23:59,0:00,23:59,0:00,23:59,무료,0,0,,,,,,,,제주특별자치도 서귀포시청,064-760-3602,33.24706692,126.507363,2021-04-18
406-2-000014,매일올레시장공영주차장,공영,노외,제주특별자치도 서귀포시 중앙로62번길 18(서귀동),제주특별자치도 서귀포시 서귀동 277-1,234,1,미시행,평일+토요일+공휴일,0:00,23:59,0:00,23:59,0:00,23:59,유료,30,1000,15,500,,,,현금. 신용카드,"①유공납세자(선정일로부터 1년간), 감면액 이상의 자원봉사마일리지 소지자, 장애정도가 심한 장애인 1일 1차례 3시간 면제, ②경차, 저공해차, 전기차, 4.3 희생자 및 유족 50 감면. ③최근 2년 이내 헌혈증 소지자, 장애정도가 심하지 않은 장애인, 국가유공자, 5.18민주유공자, 고엽제 후유의증 환자, 임산부, 다자녀가정, 의사상자, 장기등 기증자 1일 1차례 3시간 50 감면. 365일 24시간 운영",제주특별자치도 서귀포시청,064-762-1949,33.250138,126.5632316,2021-04-18
406-2-000015,용머리주차장 북서측,공영,노외,,제주특별자치도 서귀포시 안덕면 사계리 163-1,39,2,미시행,평일+토요일+공휴일,0:00,23:59,0:00,23:59,0:00,23:59,무료,0,0,,,,,,,,제주특별자치도 서귀포시청,064-760-6321,33.235943,,2021-04-18
406-2-000016,대정하모 공영노외2주차장,공영,노외,,제주특별자치도 서귀포시 대정읍 하모리 964-2,14,2,미시행,평일+토요일+공휴일,0:00,23:59,0:00,23:59,0:00,23:59,무료,0,0,,,,,,,,제주특별자치도 서귀포시청,064-760-2632,,126.252066,2021-04-18
406-2-000017,걸매생태공원,공영,노외,,제주특별자치도 서귀포시 서홍동 477-1,79,1,미시행,평일+토요일+공휴일,0:00,23:59,0:00,23:59,0:00,23:59,무료,0,0,,,,,,,,제주특별자치도 서귀포시청,064-760-3192,33.250536,126.554619,2021-04-18
406-2-000018,제일교회 부근,공영,노외,,제주특별자치도 서귀포시 대정읍 하모리 1129-1,5,2,미시행,평일+토요일+공휴일,0:00,23:59,0:00,23:59,0:00,23:59,무료,0,0,,,,,,,,제주특별자치도 서귀포시청,064-760-2972,33.222216,126.249797,2021-04-18
406-2-000019,대정하모 공영노외3주차장,공영,노외,,제주특별자치도 서귀포시 대정읍 하모리 1512-1,14,2,미시행,평일+토요일+공휴일,0:00,23:59,0:00,23:59,0:00,23:59,무료,0,0,,,,,,,,제주특별자치도 서귀포시청,064-760-2632,33.223864,126.252502,2021-04-18
406-2-000020,고성오일장 옆,공영,노외,제주특별자치도 서귀포시 성산읍 고성오조로 93,제주특별자치도 서귀포시 성산읍 고성리 1188-2,97,2,미시행,평일+토요일+공휴일,0:00,23:59,0:00,23:59,0:00,23:59,무료,0,0,,,,,,,,제주특별자치도 서귀포시청,064-760-2632,33.45186232,126.9128147,2021-04-18
406-2-000021,소방파출소,공영,노외,,제주특별자치도 서귀포시 성산읍 오조리 933,67,2,미시행,평일+토요일+공휴일,0:00,23:59,0:00,23:59,0:00,23:59,무료,0,0,,,,,,,,제주특별자치도 서귀포시청,064-780-9173,33.4602884,126.9096477,2021-04-18
406-2-000022,민속촌 주차장,공영,노외,제주특별자치도 서귀포시 표선면 민속해안로 631-34,제주특별자치도 서귀포시 표선면 표선리 40-77,150,2,미시행,평일+토요일+공휴일,0:00,23:59,0:00,23:59,0:00,23:59,무료,0,0,,,,,,,,제주특별자치도 서귀포시청,064-760-2673,33.32128714,126.8430882,2021-04-18
406-2-000023,성읍민속마을,공영,노외,제주특별자치도 서귀포시 표선면 성읍정의현로 29길 33,제주특별자치도 서귀포시 표선면 성읍리 778,87,2,미시행,평일+토요일+공휴일,0:00,23:59,0:00,23:59,0:00,23:59,무료,0,0,,,,,,,,제주특별자치도 서귀포시청,064-760-2673,33.384967,126.800901,2021-04-18
406-2-000024,매일올레시장입구,공영,노외,,제주특별자치도 서귀포시 서귀동 276-19,22,1,미시행,평일+토요일+공휴일,0:00,23:59,0:00,23:59,0:00,23:59,무료,0,0,,,,,,,,제주특별자치도 서귀포시청,064-760-2632,33.24957191,126.5629168,2021-04-18
406-2-000025,하모3리마을회관 옆,공영,노외,,제주특별자치도 서귀포시 대정읍 하모리 1077-1,14,2,미시행,평일+토요일+공휴일,0:00,23:59,0:00,23:59,0:00,23:59,무료,0,0,,,,,,,,제주특별자치도 서귀포시청,064-760-2632,33.221643,126.249635,2021-04-18
406-2-000026,중앙로터리 공영주차빌딩,공영,노외,제주특별자치도 서귀포시 중앙로79번길 6(서귀동),제주특별자치도 서귀포시 서귀동 298-2,120,1,미시행,평일+토요일+공휴일,0:00,23:59,0:00,23:59,0:00,23:59,혼합,30,1000,15,500,,,100000,현금. 신용카드,"①유공납세자(선정일로부터 1년간) 차량, 감면액 이상의 자원봉사마일리지 소지자 차량, 장애정도가 심한 장애인 1일 1차례 3시간 면제, ②경차, 저공해차, 전기차, 4.3 희생자 및 유족 50 감면. ③최근 2년 이내 헌혈증 소지자, 장애정도가 심하지 않은 장애인, 국가유공자, 5.18민주유공자, 고엽제 후유의증 환자, 임산부, 다자녀가정, 의사상자, 장기등 기증자 1일 1차례 3시간 50 감면. 유료운영시간(평일 09:00 ~ 18:00) 이외는 무료",제주특별자치도 서귀포시청,064-760-3132,33.25167869,126.560439,2021-04-18
406-2-000027,정방폭포,공영,노외,제주특별자치도 서귀포시 칠십리로214번길 35-1,제주특별자치도 서귀포시 동홍동 277,62,1,미시행,평일+토요일+공휴일,0:00,23:59,0:00,23:59,0:00,23:59,무료,0,0,,,,,,,,제주특별자치도 서귀포시청,064-760-3152,33.24460547,126.5732253,2021-04-18
406-2-000028,상모아파트 앞,공영,노외,,제주특별자치도 서귀포시 대정읍 상모리 3970-2,13,2,미시행,평일+토요일+공휴일,0:00,23:59,0:00,23:59,0:00,23:59,무료,0,0,,,,,,,,제주특별자치도 서귀포시청,064-760-3132,33.222557,126.257335,2021-04-18
406-2-000029,여성회관 북쪽,공영,노외,제주특별자치도 서귀포시 서문로 37,제주특별자치도 서귀포시 서귀동 321-5,28,1,미시행,평일+토요일+공휴일,0:00,23:59,0:00,23:59,0:00,23:59,무료,0,0,,,,,,,,제주특별자치도 서귀포시청,064-760-3132,33.24959972,126.558497,2021-04-18
406-2-000030,고성리 회전교차로,공영,노외,제주특별자치도 서귀포시 성산읍 고성오조로 42,제주특별자치도 서귀포시 성산읍 고성리 346-2,76,2,미시행,평일+토요일+공휴일,0:00,23:59,0:00,23:59,0:00,23:59,무료,0,0,,,,,,,,제주특별자치도 서귀포시청,064-760-3132,33.44655575,126.9157493,2021-04-18
406-2-000031,법환동 재활용도움센터 옆,공영,노외,,제주특별자치도 서귀포시 법환동 1063,20,1,미시행,평일+토요일+공휴일,0:00,23:59,0:00,23:59,0:00,23:59,무료,0,0,,,,,,,,제주특별자치도 서귀포시청,064-760-2173,33.240292,126.507801,2021-04-18
406-2-000032,회수사거리,공영,노외,,제주특별자치도 서귀포시 회수동 788-2,18,1,미시행,평일+토요일+공휴일,0:00,23:59,0:00,23:59,0:00,23:59,무료,0,0,,,,,,,,제주특별자치도 서귀포시청,064-760-2173,33.263075,126.442507,2021-04-18
406-2-000033,하모리 제주은행맞은편,공영,노외,,제주특별자치도 서귀포시 대정읍 하모리 846-11,18,2,미시행,평일+토요일+공휴일,0:00,23:59,0:00,23:59,0:00,23:59,무료,0,0,,,,,,,,제주특별자치도 서귀포시청,064-760-3132,,126.253279,2021-04-18
406-2-000034,아랑조을거리주차장,공영,노외,,제주특별자치도 서귀포시 서귀동 312-6,37,1,미시행,평일+토요일+공휴일,0:00,23:59,0:00,23:59,0:00,23:59,혼합,30,1000,15,500,,,100000,현금. 신용카드,"①유공납세자(선정일로부터 1년간), 감면액 이상의 자원봉사마일리지 소지자, 장애정도가 심한 장애인 1일 1차례 3시간 면제, ②경차, 저공해차, 전기차, 4.3 희생자 및 유족 50 감면. ③최근 2년 이내 헌혈증 소지자, 장애정도가 심하지 않은 장애인, 국가유공자, 5.18민주유공자, 고엽제 후유의증 환자, 임산부, 다자녀가정, 의사상자, 장기등 기증자 1일 1차례 3시간 50 감면. 유료운영시간(평일 09:00 ~ 18:00) 이외는 무료",제주특별자치도 서귀포시청,064-760-3132,33.247784,126.560306,2021-04-18
406-2-000035,성산읍사무소 옆,공영,노외,,제주특별자치도 서귀포시 성산읍 고성리 1022-8,31,2,미시행,평일+토요일+공휴일,0:00,23:59,0:00,23:59,0:00,23:59,무료,0,0,,,,,,,,제주특별자치도 서귀포시청,064-760-4293,33.442407,126.911426,2021-04-18
406-2-000036,쇠소깍,공영,노외,제주특별자치도 서귀포시 쇠소깍로 104,제주특별자치도 서귀포시 하효동 990-1,54,1,미시행,평일+토요일+공휴일,0:00,23:59,0:00,23:59,0:00,23:59,무료,0,0,,,,,,,,제주특별자치도 서귀포시청,064-760-3132,33.254249,126.622494,2021-04-18
406-2-000037,고성리 원광어린이집 인근,공영,노외,,제주특별자치도 서귀포시 성산읍 고성리 1089,15,2,미시행,평일+토요일+공휴일,0:00,23:59,0:00,23:59,0:00,23:59,무료,0,0,,,,,,,,제주특별자치도 서귀포시청,064-760-3132,33.449139,126.910826,2021-04-18
406-2-000038,천지공영주차빌딩,공영,노외,,제주특별자치도 서귀포시 서귀동 305-1,220,1,미시행,평일+토요일+공휴일,0:00,23:59,0:00,23:59,0:00,23:59,혼합,30,1000,15,500,,,100000,현금. 신용카드,"①유공납세자(선정일로부터 1년간), 감면액 이상의 자원봉사마일리지 소지자, 장애정도가 심한 장애인 1일 1차례 3시간 면제, ②경차, 저공해차, 전기차, 4.3 희생자 및 유족 50 감면. ③최근 2년 이내 헌혈증 소지자, 장애정도가 심하지 않은 장애인, 국가유공자, 5.18민주유공자, 고엽제 후유의증 환자, 임산부, 다자녀가정, 의사상자, 장기등 기증자 1일 1차례 3시간 50 감면. 유료운영시간(평일 09:00 ~ 18:00) 이외는 무료",제주특별자치도 서귀포시청,064-760-3132,33.25152344,126.5593512,2021-04-18
406-2-000039,표선 공영노외1주차장,공영,노외,,제주특별자치도 서귀포시 표선면 표선리 709,60,2,미시행,평일+토요일+공휴일,0:00,23:59,0:00,23:59,0:00,23:59,무료,0,0,,,,,,,,제주특별자치도 서귀포시청,064-760-3132,33.326174,,2021-04-18
406-2-000040,고성리 구보건지소,공영,노외,제주특별자치도 서귀포시 성산읍 고성동서로 65-4,제주특별자치도 서귀포시 성산읍 고성리 1192-2,31,2,미시행,평일+토요일+공휴일,0:00,23:59,0:00,23:59,0:00,23:59,무료,0,0,,,,,,,,제주특별자치도 서귀포시청,064-760-3132,,,2021-04-18
406-2-000041,동광육거리,공영,노외,,제주특별자치도 서귀포시 안덕면 동광리 827,42,2,미시행,평일+토요일+공휴일,0:00,23:59,0:00,23:59,0:00,23:59,무료,0,0,,,,,,,,제주특별자치도 서귀포시청,064-760-3132,,126.339452,2021-04-18
406-2-000042,화순사거리,공영,노외,,제주특별자치도 서귀포시 안덕면 화순리 1072,40,2,미시행,평일+토요일+공휴일,0:00,23:59,0:00,23:59,0:00,23:59,무료,0,0,,,,,,,,제주특별자치도 서귀포시청,064-760-3132,33.246268,126.335353,2021-04-18
406-2-000043,중앙공영주차빌딩,공영,노외,,제주특별자치도 서귀포시 서귀동 291-2,306,1,미시행,평일+토요일+공휴일,0:00,23:59,0:00,23:59,0:00,23:59,무료,0,0,,,,,,,,제주특별자치도 서귀포시청,064-760-3132,33.24985968,126.5621642,2021-04-18
406-2-000044,성산고성 공영노외1주차장,공영,노외,,제주특별자치도 서귀포시 성산읍 고성리 327-1,56,2,미시행,평일+토요일+공휴일,0:00,23:59,0:00,23:59,0:00,23:59,무료,0,0,,,,,,,,제주특별자치도 서귀포시청,064-760-3132,33.448641,126.916654,2021-04-18
406-2-000045,남원의례회관,공영,노외,,제주특별자치도 서귀포시 남원읍 남원리 380-1,175,2,미시행,평일+토요일+공휴일,0:00,23:59,0:00,23:59,0:00,23:59,무료,0,0,,,,,,,,제주특별자치도 서귀포시청,064-760-4192,33.294469,126.711619,2021-04-18
406-2-000046,동홍 공영노외3주차장,공영,노외,,제주특별자치도 서귀포시 동홍동 470-1,20,1,미시행,평일+토요일+공휴일,0:00,23:59,0:00,23:59,0:00,23:59,무료,0,0,,,,,,,,제주특별자치도 서귀포시청,064-760-3132,33.25544697,126.5722626,2021-04-18
406-2-000047,서귀포향토오일시장,공영,노외,,제주특별자치도 서귀포시 동홍동 826-1,256,1,미시행,평일+토요일+공휴일,0:00,23:59,0:00,23:59,0:00,23:59,무료,0,0,,,,,,,,제주특별자치도 서귀포시청,064-760-3132,33.268613,,2021-04-18
406-2-000048,성산항,공영,노외,,제주특별자치도 서귀포시 성산읍 성산리 347-9,972,2,미시행,평일+토요일+공휴일,0:00,23:59,0:00,23:59,0:00,23:59,혼합,30,1000,15,500,,,100000,현금. 신용카드,"①유공납세자(선정일로부터 1년간), 감면액 이상의 자원봉사마일리지 소지자, 장애정도가 심한 장애인 1일 1차례 3시간 면제, ②경차, 저공해차, 전기차, 4.3 희생자 및 유족 50 감면. ③최근 2년 이내 헌혈증 소지자, 장애정도가 심하지 않은 장애인, 국가유공자, 5.18민주유공자, 고엽제 후유의증 환자, 임산부, 다자녀가정, 의사상자, 장기등 기증자 1일 1차례 3시간 50 감면. 유료운영시간(평일 09:00 ~ 18:00) 이외는 무료",제주특별자치도 서귀포시청,064-760-2764,33.47292799,126.9345061,2021-04-18
406-2-000049,외돌개,공영,노외,,제주특별자치도 서귀포시 서홍동 780-1,30,1,미시행,평일+토요일+공휴일,0:00,23:59,0:00,23:59,0:00,23:59,무료,0,0,,,,,,,,제주특별자치도 서귀포시청,064-760-3192,33.241469,126.548058,2021-04-18
406-2-000050,표선의례회관앞,공영,노외,,제주특별자치도 서귀포시 표선면 표선리 2103,120,2,미시행,평일+토요일+공휴일,0:00,23:59,0:00,23:59,0:00,23:59,무료,0,0,,,,,,,,제주특별자치도 서귀포시청,064-760-2975,33.327011,126.823628,2021-04-18
406-2-000051,국토교통인재개발원 서측,공영,노외,,제주특별자치도 서귀포시 서호동 1603,113,1,미시행,평일+토요일+공휴일,0:00,23:59,0:00,23:59,0:00,23:59,무료,0,0,,,,,,,,제주특별자치도 서귀포시청,064-760-3132,33.252158,126.515739,2021-04-18
406-2-000052,홍로공영주차빌딩,공영,노외,,제주특별자치도 서귀포시 동홍동 1480-6,245,1,미시행,평일+토요일+공휴일,0:00,23:59,0:00,23:59,0:00,23:59,혼합,30,1000,15,500,,,100000,현금. 신용카드,"①유공납세자(선정일로부터 1년간), 감면액 이상의 자원봉사마일리지 소지자, 장애정도가 심한 장애인 1일 1차례 3시간 면제, ②경차, 저공해차, 전기차, 4.3 희생자 및 유족 50 감면. ③최근 2년 이내 헌혈증 소지자, 장애정도가 심하지 않은 장애인, 국가유공자, 5.18민주유공자, 고엽제 후유의증 환자, 임산부, 다자녀가정, 의사상자, 장기등 기증자 1일 1차례 3시간 50 감면. 유료운영시간(평일 09:00 ~ 18:00) 이외는 무료",제주특별자치도 서귀포시청,064-760-3132,33.25595698,126.5613023,2021-04-18
406-2-000053,표선공영주차빌딩,공영,노외,,제주특별자치도 서귀포시 표선면 표선리 701,169,2,미시행,평일+토요일+공휴일,0:00,23:59,0:00,23:59,0:00,23:59,무료,0,0,,,,,,,,제주특별자치도 서귀포시청,064-760-3132,33.32623643,126.8317739,2021-04-18
406-2-000054,정방공영주차빌딩,공영,노외,,제주특별자치도 서귀포시 서귀동 403-6,137,1,미시행,평일+토요일+공휴일,0:00,23:59,0:00,23:59,0:00,23:59,혼합,30,1000,15,500,,,100000,현금. 신용카드,"①유공납세자(선정일로부터 1년간), 감면액 이상의 자원봉사마일리지 소지자, 장애정도가 심한 장애인 1일 1차례 3시간 면제, ②경차, 저공해차, 전기차, 4.3 희생자 및 유족 50 감면. ③최근 2년 이내 헌혈증 소지자, 장애정도가 심하지 않은 장애인, 국가유공자, 5.18민주유공자, 고엽제 후유의증 환자, 임산부, 다자녀가정, 의사상자, 장기등 기증자 1일 1차례 3시간 50 감면. 유료운영시간(평일 09:00 ~ 18:00) 이외는 무료",제주특별자치도 서귀포시청,064-760-3132,33.247657,126.565845,2021-04-18
406-2-000055,나포리 호텔 아래,공영,노외,,제주특별자치도 서귀포시 서귀동 600-3,2,1,미시행,평일+토요일+공휴일,0:00,23:59,0:00,23:59,0:00,23:59,무료,0,0,,,,,,,,제주특별자치도 서귀포시청,064-760-2173,33.243655,,2021-04-18
406-2-000056,송산 공영노외1주차장,공영,노외,,제주특별자치도 서귀포시 서귀동 28-3,70,1,미시행,평일+토요일+공휴일,0:00,23:59,0:00,23:59,0:00,23:59,무료,0,0,,,,,,,,제주특별자치도 서귀포시청,064-760-3132,33.242873,126.566663,2021-04-18
406-2-000057,이중섭거리 주차장,공영,노외,,제주특별자치도 서귀포시 서귀동 550,24,1,미시행,평일+토요일+공휴일,0:00,23:59,0:00,23:59,0:00,23:59,무료,0,0,,,,,,,,제주특별자치도 서귀포시청,064-760-3561,33.245253,,2021-04-18
406-2-000058,매일시장,공영,노외,,제주특별자치도 서귀포시 서귀동 277-12,7,1,미시행,평일+토요일+공휴일,0:00,23:59,0:00,23:59,0:00,23:59,무료,0,0,,,,,,,,제주특별자치도 서귀포시청,064-760-2632,33.24990215,126.563261,2021-04-18
406-2-000059,서홍동 공영주차장,공영,노외,,제주특별자치도 서귀포시 서귀동 397-4,42,1,미시행,평일+토요일+공휴일,0:00,23:59,0:00,23:59,0:00,23:59,무료,0,0,,,,,,,,제주특별자치도 서귀포시청,064-760-3132,33.256238,126.559648,2021-04-18
406-2-000060,효돈중학교 북측,공영,노외,,제주특별자치도 서귀포시 하효동 11-2,22,1,미시행,평일+토요일+공휴일,0:00,23:59,0:00,23:59,0:00,23:59,무료,0,0,,,,,,,,제주특별자치도 서귀포시청,064-760-2972,33.266293,126.620924,2021-04-18
406-2-000061,효돈동 주민센터 옆,공영,노외,,제주특별자치도 서귀포시 하효동 159,23,1,미시행,평일+토요일+공휴일,0:00,23:59,0:00,23:59,0:00,23:59,무료,0,0,,,,,,,,제주특별자치도 서귀포시청,064-760-3132,33.263018,126.6156232,2021-04-18
406-2-000062,중앙여중 후문,공영,노외,,제주특별자치도 서귀포시 동홍동 1530-12,25,1,미시행,평일+토요일+공휴일,0:00,23:59,0:00,23:59,0:00,23:59,무료,0,0,,,,,,,,제주특별자치도 서귀포시청,064-760-3132,33.254682,,2021-04-18
406-2-000063,동홍 공영노외1주차장,공영,노외,,제주특별자치도 서귀포시 동홍동 514-2,80,1,미시행,평일+토요일+공휴일,0:00,23:59,0:00,23:59,0:00,23:59,무료,0,0,,,,,,,,제주특별자치도 서귀포시청,064-760-3132,33.256053,126.568384,2021-04-18
406-2-000064,동홍 공영노외2주차장,공영,노외,,제주특별자치도 서귀포시 동홍동 429,29,1,미시행,평일+토요일+공휴일,0:00,23:59,0:00,23:59,0:00,23:59,무료,0,0,,,,,,,,제주특별자치도 서귀포시청,064-760-3132,,126.569559,2021-04-18
406-2-000065,시민회관 옆,공영,노외,,제주특별자치도 서귀포시 동홍동 452-3,44,1,미시행,평일+토요일+공휴일,0:00,23:59,0:00,23:59,0:00,23:59,무료,0,0,,,,,,,,제주특별자치도 서귀포시청,064-760-2972,33.251633,126.5675382,2021-04-18
406-2-000066,신시가지,공영,노외,,제주특별자치도 서귀포시 강정동 118-8,10,1,미시행,평일+토요일+공휴일,0:00,23:59,0:00,23:59,0:00,23:59,무료,0,0,,,,,,,,제주특별자치도 서귀포시청,064-760-3132,,126.507428,2021-04-18
406-2-000067,강정마을,공영,노외,,제주특별자치도 서귀포시 강정동 5356-11,20,1,미시행,평일+토요일+공휴일,0:00,23:59,0:00,23:59,0:00,23:59,무료,0,0,,,,,,,,제주특별자치도 서귀포시청,064-760-2972,33.235151,126.474741,2021-04-18
406-2-000068,법환 노인회관 앞,공영,노외,,제주특별자치도 서귀포시 법환동 1134,40,1,미시행,평일+토요일+공휴일,0:00,23:59,0:00,23:59,0:00,23:59,무료,0,0,,,,,,,,제주특별자치도 서귀포시청,064-760-4752,33.239418,126.509485,2021-04-18
406-2-000069,동일다목적회관 앞,공영,노외,,제주특별자치도 서귀포시 대정읍 동일리 2829-6,45,2,미시행,평일+토요일+공휴일,0:00,23:59,0:00,23:59,0:00,23:59,무료,0,0,,,,,,,,제주특별자치도 서귀포시청,064-760-4092,33.228374,126.241453,2021-04-18
406-2-000070,홍마트 북측,공영,노외,,제주특별자치도 서귀포시 대정읍 하모리 2143-12,9,2,미시행,평일+토요일+공휴일,0:00,23:59,0:00,23:59,0:00,23:59,무료,0,0,,,,,,,,제주특별자치도 서귀포시청,064-760-4092,33.220066,126.252586,2021-04-18
406-2-000071,서부종합사회복지관 남측,공영,노외,,제주특별자치도 서귀포시 대정읍 하모리 1173-1,31,2,미시행,평일+토요일+공휴일,0:00,23:59,0:00,23:59,0:00,23:59,무료,0,0,,,,,,,,제주특별자치도 서귀포시청,064-760-3132,,126.248055,2021-04-18
406-2-000072,남원초등학교 옆,공영,노외,,제주특별자치도 서귀포시 남원읍 남원리 141,46,2,미시행,평일+토요일+공휴일,0:00,23:59,0:00,23:59,0:00,23:59,무료,0,0,,,,,,,,제주특별자치도 서귀포시청,064-760-3132,33.27888735,126.716856,2021-04-18
406-2-000073,동부보건소,공영,노외,,제주특별자치도 서귀포시 남원읍 남원리 2490-28,22,2,미시행,평일+토요일+공휴일,0:00,23:59,0:00,23:59,0:00,23:59,무료,0,0,,,,,,,,제주특별자치도 서귀포시청,064-760-6112,,,2021-04-18
406-2-000074,섭지코지주차장,공영,노외,,제주특별자치도 서귀포시 성산읍 고성리 62-3,100,2,미시행,평일+토요일+공휴일,0:00,23:59,0:00,23:59,0:00,23:59,혼합,30,1000,15,500,,,,현금. 신용카드,"①유공납세자(선정일로부터 1년간), 감면액 이상의 자원봉사마일리지 소지자, 장애정도가 심한 장애인 1일 1차례 3시간 면제, ②경차, 저공해차, 전기차, 4.3 희생자 및 유족 50 감면. ③최근 2년 이내 헌혈증 소지자, 장애정도가 심하지 않은 장애인, 국가유공자, 5.18민주유공자, 고엽제 후유의증 환자, 임산부, 다자녀가정, 의사상자, 장기등 기증자 1일 1차례 3시간 50 감면. 유료운영시간(평일 09:00 ~ 18:00) 이외는 무료",제주특별자치도 서귀포시청,064-760-4282,33.423564,126.929381,2021-04-18
406-2-000075,대정하모 공영노외1주차장,공영,노외,,제주특별자치도 서귀포시 대정읍 하모리 1444-2,46,2,미시행,평일+토요일+공휴일,0:00,23:59,0:00,23:59,0:00,23:59,무료,0,0,,,,,,,,제주특별자치도 서귀포시청,064-760-3132,33.226524,126.251489,2021-04-18
406-2-000076,서귀서초등학교 인근,공영,노외,,제주특별자치도 서귀포시 서홍동 365-3,9,1,미시행,평일+토요일+공휴일,0:00,23:59,0:00,23:59,0:00,23:59,무료,0,0,,,,,,,,제주특별자치도 서귀포시청,064-760-2972,33.255173,126.555879,2021-04-18
406-2-000077,노블컨벤션 안쪽,공영,노외,,제주특별자치도 서귀포시 서홍동 322-5,29,1,미시행,평일+토요일+공휴일,0:00,23:59,0:00,23:59,0:00,23:59,무료,0,0,,,,,,,,제주특별자치도 서귀포시청,064-760-3132,33.258965,126.558326,2021-04-18
406-2-000078,자산오차드힐 인근 남측,공영,노외,,제주특별자치도 서귀포시 서홍동 1588-10,5,1,미시행,평일+토요일+공휴일,0:00,23:59,0:00,23:59,0:00,23:59,무료,0,0,,,,,,,,제주특별자치도 서귀포시청,064-760-4749,33.261125,126.554414,2021-04-18
406-2-000079,자산오차드힐 인근 북측,공영,노외,,제주특별자치도 서귀포시 서호동 1597-4,9,1,미시행,평일+토요일+공휴일,0:00,23:59,0:00,23:59,0:00,23:59,무료,0,0,,,,,,,,제주특별자치도 서귀포시청,064-760-2972,33.261563,,2021-04-18
406-2-000080,건강나라 맞은편,공영,노외,,제주특별자치도 서귀포시 서홍동 345-14,107,1,미시행,평일+토요일+공휴일,0:00,23:59,0:00,23:59,0:00,23:59,무료,0,0,,,,,,,,제주특별자치도 서귀포시청,064-760-3132,33.259071,126.556129,2021-04-18
406-2-000081,중문초등학교 서측,공영,노외,,제주특별자치도 서귀포시 중문동 1971-2,7,1,미시행,평일+토요일+공휴일,0:00,23:59,0:00,23:59,0:00,23:59,무료,0,0,,,,,,,,제주특별자치도 서귀포시청,064-760-3072,33.251636,126.428184,2021-04-18
406-2-000082,중앙 공영노외1주차장,공영,노외,,제주특별자치도 서귀포시 서귀동 268-17,14,1,미시행,평일+토요일+공휴일,0:00,23:59,0:00,23:59,0:00,23:59,무료,0,0,,,,,,,,제주특별자치도 서귀포시청,064-760-3132,33.25111435,126.565451,2021-04-18
406-2-000083,천제연폭포 주차장,공영,노외,,제주특별자치도 서귀포시 중문동 2230,118,1,미시행,평일+토요일+공휴일,0:00,23:59,0:00,23:59,0:00,23:59,무료,0,0,,,,,,,,제주특별자치도 서귀포시청,064-760-3132,33.253171,126.418764,2021-04-18
406-2-000084,남원 공영노외1주차장,공영,노외,,제주특별자치도 서귀포시 남원읍 남원리 180,93,2,미시행,평일+토요일+공휴일,0:00,23:59,0:00,23:59,0:00,23:59,무료,0,0,,,,,,,,제주특별자치도 서귀포시청,064-760-3132,,,2021-04-18
406-2-000085,대륜서호 공영노외1주차장,공영,노외,,제주특별자치도 서귀포시 서호동 1433,79,1,미시행,평일+토요일+공휴일,0:00,23:59,0:00,23:59,0:00,23:59,무료,0,0,,,,,,,,제주특별자치도 서귀포시청,064-760-4765,33.263491,126.511089,2021-04-18
406-2-000086,세한교회 서측,공영,노외,,제주특별자치도 서귀포시 서홍동 1611,18,1,미시행,평일+토요일+공휴일,0:00,23:59,0:00,23:59,0:00,23:59,무료,0,0,,,,,,,,제주특별자치도 서귀포시청,064-760-3922,33.263736,126.554256,2021-04-18
